ID,PDB_ID,Subset,Complex_Type,Resolution,Affinity_Data,pKd_pKi_pIC50,Release_Year,Protein_Name,Pubmed_ID,Pubchem_SID,Reference,UniProt_AC,Formula,Molecular_Weight,Exact_Mass,No._of_atoms,No._of_bonds,Polar_Surface_Area,XLOGP3,open_banel_LogP,HB_donor,HB_acceptor,Rotatable_bonds,SMILES
1,10gs,refined,Protein-Ligand,2.2,Ki=0.4uM,6.4,1998,glutathione s-transferase,9398518,46391374,"J.Mol.Biol. v274 pp. 84-100, 1997",P09211,C23H26N3O6S,474.55,474.17,61,62,185.74,0.82,1.6,3,6,13,O=C(N[C@H](C(=O)N[C@H](c1ccccc1)C(=O)O)CSCc1ccccc1)CC[C@@H](C(=O)O)[NH3+]
2,184l,refined,Protein-Ligand,1.8,Kd=19uM,4.72,1995,Enterobacteria phage T4 LYSOZYME,15916423,0,"(2005) J. Med. Chem., Vol.48, pp.3714-3728",P00720,C10H14,134.218,134.11,24,24,0,3.51,2.89,0,0,2,CC(Cc1ccccc1)C
3,185l,refined,Protein-Ligand,1.8,Kd=290uM,3.54,1995,Enterobacteria phage T4 LYSOZYME,15916423,0,"(2005) J. Med. Chem., Vol.48, pp.3714-3728",P00720,C8H7N,117.148,117.058,16,17,15.79,2.05,2.17,1,0,0,c1ccc2c(c1)[nH]cc2
4,186l,refined,Protein-Ligand,1.8,Kd=14uM,4.85,1995,Enterobacteria phage T4 LYSOZYME,15916423,0,"(2005) J. Med. Chem., Vol.48, pp.3714-3728",P00720,C10H14,134.218,134.11,24,24,0,3.8,3.03,0,0,3,CCCCc1ccccc1
5,187l,refined,Protein-Ligand,1.8,Kd=422uM,3.37,1995,Enterobacteria phage T4 LYSOZYME,15916423,0,"(2005) J. Med. Chem., Vol.48, pp.3714-3728",P00720,C8H10,106.165,106.078,18,18,0,2.65,2.3,0,0,0,Cc1ccc(cc1)C
6,188l,refined,Protein-Ligand,1.8,Kd=470uM,3.33,1995,Enterobacteria phage T4 LYSOZYME,15916423,0,"(2005) J. Med. Chem., Vol.48, pp.3714-3728",P00720,C8H10,106.165,106.078,18,18,0,2.65,2.3,0,0,0,Cc1ccccc1C
7,1a1e,refined,Protein-Ligand,2.2,Kd=1uM,6,1998,tyrosine kinase C-src,9174343,46391385,"Biochemistry v36 pp. 6283-93, 1997",P12931,C25H35N3O9P,556.566,556.242,77,78,199.32,2.64,2.27,2,8,15,CCCC[C@@H]1CCCN(C1)C(=O)[C@@H](NC(=O)[C@H](Cc1ccc(cc1)OP(O)(O)O)NC(=O)C)CCC(=O)O
8,1a28,refined,Protein-Ligand,1.8,Ki=5.1nM,8.29,1998,ligand-binding domain of the human progesterone receptor,20510622,0,"(2010) Bioorg. Med. Chem., Vol.18, pp.4255-4268",P06401,C21H30O2,314.462,314.225,53,56,34.14,4,4.72,0,2,1,O=C1CC[C@]2(C(=C1)CC[C@@H]1[C@@H]2CC[C@]2([C@H]1CC[C@@H]2C(=O)C)C)C
9,1a30,refined,Protein-Ligand,2,Ki=50uM,4.3,1998,HIV-1 protease,9485357,46391387,"Biochemistry v37 pp. 2105-10, 1998",P04585,C15H23N3O8,376.382,376.172,52,51,197.74,0.2,-1.18,3,8,11,CC(C[C@@H](C(=O)O)NC(=O)[C@@H](NC(=O)[C@H](CCC(=O)O)[NH3+])CC(=O)O)C
10,1a4k,refined,Protein-Ligand,2.4,Kd=0.01uM,8,1998,antibody fab,9506942,46391391,"Science v279 pp. 1929-33, 1998",P01834,C21H22N3O7,429.423,429.154,54,57,142.11,1.26,2.03,2,6,7,OC(=O)COC(=O)N[C@]12CC[C@H](CC1)[C@@H]1[C@H]2C(=O)N(C1=O)c1ccc(cc1)NC(=O)C
11,1a4r,refined,Protein-Ligand,2.5,Kd=0.22uM,6.66,1999,g25k gtp-binding protein,10211824,46391394,"Protein Sci. v8 pp. 778-87, 1999",P60953,C10H14N6O10P2,444.232,444.056,46,48,291.86,-5.89,-2.08,5,8,8,O[C@@H]1[C@@H](COP(OP(O)(O)N)(O)O)O[C@H]([C@@H]1O)n1cnc2c1nc(N)[nH]c2=O
12,1a4w,refined,Protein-Ligand,1.8,Ki=1.2uM,5.92,1998,thrombin alpha,8913620,46391395,"Biophys.J. v71 pp. 2830-9, 1996",P09945 P00734,C29H40N7O4S2,614.802,614.258,82,85,202.31,5.04,4,1,5,14,O=C(N1CCCC[C@@H]1CCC(=O)c1nccs1)[C@@H](NS(=O)(=O)c1cccc2c1cccc2N(C)C)CCC[NH+]=C(N)N
13,1a69,refined,Protein-Ligand,2.1,Ki=5uM,5.3,1998,purine nucleoside phosphorylase,9653038,46391401,"J.Mol.Biol. v280 pp. 153-66, 1998",P0ABP8,C10H12N4O5,268.226,268.081,31,33,144.35,-2.47,-2.2,5,5,5,OC[C@H]1O[C@H]([C@@H]([C@@H]1O)O)c1n[nH]c2c1nc[nH]c2=O
14,1a94,refined,Protein-Ligand,2,Ki=14nM,7.85,1999,HIV-1 protease,9521772,46391409,"Biochemistry v37 pp. 4518-26, 1998",P03367,C40H68N11O9,848.044,847.528,129,129,348.64,1.97,0.59,8,9,33,CCCC[C@@H](C(=O)N)NC(=O)[C@@H](NC(=O)[C@@H](NC(=O)[C@@H](NC(=O)[C@@H](NC(=O)[C@H](C(C)C)NC(=O)[C@H](CCC[NH+]=C(N)N)[NH3+])CC(C)C)Cc1ccccc1)CCC(=O)O)C
15,1a99,refined,Protein-Ligand,2.2,Kd=2uM,5.7,1998,putrescine-binding protein,9651355,46391410,"J.Biol.Chem. v273 pp. 17604-9, 1998",P31133,C4H14N2,90.167,90.116,20,19,55.28,-0.94,-1.75,2,0,3,[NH3+]CCCC[NH3+]
16,1a9m,refined,Protein-Ligand,2.3,Ki=119nM,6.92,1998,HIV-1 protease G48H,9450540,46391411,"FEBS Lett. v420 pp. 11-6, 1997",P03366,C28H53N8O6,597.77,597.409,95,95,259.72,1.89,1.31,6,6,23,NC(=O)CC[C@@H](C(=O)N[C@H](C(=O)N)CCC[NH+]=C(N)N)NC(=O)[C@H](C(C)C)C[C@@H]([C@@H](NC(=O)C)CC1CCCCC1)O
17,1a9q,refined,Protein-Ligand,2,Kd=0.68uM,6.17,1998,bovine Purine nucleoside phosphorylase (PNP),23040896,0,"(2012) Bioorg. Med. Chem., Vol.20, pp.6758-6769",P55859,C5H4N4O,136.111,136.039,14,15,74.43,-0.49,-0.35,2,2,0,O=c1[nH]cnc2c1nc[nH]2
18,1aaq,refined,Protein-Ligand,2.5,Ki=4.0nM,8.4,1994,HIV-1 protease,1637805,46391413,"Biochemistry v31 pp. 6646-59, 1992",P03367,C29H48N5O7,578.721,578.355,89,89,190.57,1.79,1.01,6,6,22,COC(=O)[C@H](C(C)C)NC(=O)[C@H](C(C)C)NC(=O)CC[C@@H]([C@@H](NC(=O)[C@@H](NC(=O)[C@@H]([NH3+])C)C)Cc1ccccc1)O
19,1add,refined,Protein-Ligand,2.4,Ki=0.18uM,6.74,1994,adenosine deaminase,8439534,46391416,"Biochemistry v32 pp. 1689-94, 1993",P03958,C11H14N4O4,266.253,266.102,33,35,126.65,-1.59,-0.79,4,5,5,OC[C@H]1O[C@H]([C@@H]([C@@H]1O)O)n1cnc2c1nccc2N
20,1adl,refined,Protein-Ligand,1.6,Kd=4.4uM,5.36,1994,trp rna-binding attenuation protein,7929228,46391417,"J.Biol.Chem. v269 pp. 25339-47, 1994",P04117,C20H31O2,304.467,304.24,54,53,37.3,7.73,6.22,0,2,13,CCCCC/C=C\C/C=C\C/C=C\C/C=C\CCCC(=O)O
21,1ado,refined,Protein-Ligand,1.9,Kd=1uM,6,1997,"fructose 1,6-bisphosphate aldolase",8989320,46391418,"Nat.Struct.Biol. v4 pp. 36-9, 1997",P00883,C3H5O6P,171.066,171.006,18,17,120.81,-2.62,-1.78,1,5,4,OCC(=O)COP(O)(O)O
22,1afk,refined,Protein-Ligand,1.7,Ki=240nM,6.62,1998,ribonuclease a,9154942,46391421,"Biochemistry v36 pp. 5578-88, 1997",P61823,C10H11N5O13P3,510.205,510.019,50,52,329.38,-6.15,-2.36,2,12,7,O[C@@H]1[C@H](OP(O)(O)O)[C@H](O[C@H]1n1cnc2c1ncnc2N)COP(OP(O)(O)O)(O)O
23,1afl,refined,Protein-Ligand,1.7,Ki=520nM,6.28,1998,ribonuclease a,9154942,46391422,"Biochemistry v36 pp. 5578-88, 1997",P61823,C10H11N5O13P3,510.205,510.019,50,52,329.38,-6.15,-2.36,2,12,7,O[C@@H]1[C@@H](COP(OP(O)(O)O)(O)O)O[C@H]([C@@H]1OP(O)(O)O)n1cnc2c1ncnc2N
24,1ai4,refined,Protein-Ligand,2.35,Ki=3.13mM,2.5,1997,penicillin amidohydrolase,9813130,46391429,"J.Mol.Biol. v284 pp. 463-75, 1998",P06875,C8H7O4,168.147,168.042,20,20,77.76,2.12,0.72,2,4,3,OC(=O)Cc1ccc(c(c1)O)O
25,1ai5,refined,Protein-Ligand,2.36,Ki=0.189mM,3.72,1997,penicillin amidohydrolase,9813130,46391430,"J.Mol.Biol. v284 pp. 463-75, 1998",P06875,C8H6NO4,181.145,181.038,20,20,83.12,2.66,1.75,0,4,1,OC(=O)Cc1cccc(c1)N(=O)=O
26,1ai7,refined,Protein-Ligand,2.5,Ki=0.082mM,4.09,1997,penicillin amidohydrolase,9813130,46391432,"J.Mol.Biol. v284 pp. 463-75, 1998",P06875,C6H6O,94.111,94.042,13,13,20.23,1.57,1.39,1,1,1,Oc1ccccc1
27,1aid,refined,Protein-Ligand,2.2,Ki=15uM,4.82,1997,HIV-1 protease,8340363,46391433,"J.Biol.Chem. v268 pp. 15343-6, 1993",P03369,C23H28NOS2FCl,453.056,452.128,57,60,75.27,5.38,6.03,2,1,7,Fc1ccc(cc1)C1(CCC[N@@H+]2CC[C@@](CC2)(O)c2ccc(cc2)Cl)SCCS1
28,1aj7,refined,Protein-Ligand,2.1,Kd=135uM,3.87,1997,immunoglobulin 48g7 germline fab,9180069,46391435,"Science v276 pp. 1665-9, 1997",P01857,C11H12NO7P,304.213,304.059,35,35,146.4,2.15,2.5,0,6,6,OC(=O)CCCCP(Oc1ccc(cc1)N(=O)=O)(O)O
29,1ajn,refined,Protein-Ligand,2.36,Ki=2.32mM,2.63,1997,penicillin amidohydrolase,9813130,46391436,"J.Mol.Biol. v284 pp. 463-75, 1998",P06875,C8H6NO4,181.145,181.038,20,20,83.12,2.66,1.75,0,4,1,OC(=O)Cc1ccc(cc1)N(=O)=O
30,1ajp,refined,Protein-Ligand,2.31,Ki=5.85mM,2.23,1997,penicillin amidohydrolase,9813130,46391437,"J.Mol.Biol. v284 pp. 463-75, 1998",P06875,C8H7O4,168.147,168.042,20,20,77.76,2.12,0.72,2,4,3,OC(=O)Cc1cc(O)ccc1O
31,1ajq,refined,Protein-Ligand,2.05,Ki=0.049mM,4.31,1997,penicillin amidohydrolase,9813130,46391438,"J.Mol.Biol. v284 pp. 463-75, 1998",P06875,C6H5O2S,142.176,142.009,15,15,65.54,2.54,1.38,0,2,1,OC(=O)Cc1cccs1
32,1ajv,refined,Protein-Ligand,2,Ki=19.1nM,7.72,1997,HIV-1 protease,9083478,46391439,"J.Med.Chem. v40 pp. 898-902, 1997",P03366,C32H34N2O6S,574.687,574.214,75,79,107.92,4.42,4.82,2,4,12,O[C@@H]1[C@@H](O)[C@@H](COc2ccccc2)N(S(=O)(=O)N([C@@H]1COc1ccccc1)Cc1ccccc1)Cc1ccccc1
33,1ajx,refined,Protein-Ligand,2,Ki=12.2nM,7.91,1997,HIV-1 protease,9083478,46391440,"J.Med.Chem. v40 pp. 898-902, 1997",P03366,C33H34N2O5,538.633,538.247,74,78,82.47,4.73,4.62,2,3,12,O[C@@H]1[C@@H](O)[C@@H](COc2ccccc2)N(C(=O)N([C@@H]1COc1ccccc1)Cc1ccccc1)Cc1ccccc1
34,1alw,refined,Protein-Ligand,2.03,Ki=0.3uM,6.52,1998,calpain,9228946,46391449,"Nat.Struct.Biol. v4 pp. 539-47, 1997",P04574,C9H9O2S,182.239,182.04,22,22,76.1,2.98,1.61,0,2,3,S[C@H](C(=O)O)Cc1ccccc1
35,1amk,refined,Protein-Ligand,1.83,Ki=50uM,4.3,1997,TRIOSE PHOSPHATE ISOMERASE,10235625,53812524,"Protein Engineering. 1999, 12, 243-250.",P48499,C2H2O6P,157.039,156.99,15,14,120.81,-1.24,-1.26,0,5,1,OC(=O)COP(O)(O)O
36,1amw,refined,Protein-Ligand,1.85,Kd=29uM,4.54,1998,heat shock protein 90,9230303,46391451,"Cell v90 pp. 65-75, 1997",P02829,C10H12N5O10P2,429.217,429.045,44,46,266.1,-4.89,-2.04,3,10,7,O[C@@H]1[C@@H](COP(OP(O)(O)O)(O)O)O[C@H]([C@@H]1O)n1cnc2c1ncnc2N
37,1apv,refined,Protein-Ligand,1.8,Ki=1nM,9,1994,penicillopepsin,1567842,46391455,"Biochemistry v31 pp. 3872-86, 1992",P00798,C24H44N4O6F2,522.626,522.323,80,79,156.86,2.58,2.47,6,6,20,CNC(=O)C(C([C@@H](NC(=O)[C@H](C(C)C)NC(=O)[C@H](C(C)C)NC(=O)CC(C)C)CC(C)C)(O)O)(F)F
38,1atl,refined,Protein-Ligand,1.8,Ki=0.52uM,6.28,1995,atrolysin c,8078901,46391464,"Proc.Natl.Acad.Sci.USA v91 pp. 8447-51, 1994",P15167,C17H24NO4S,339.45,339.15,48,48,114.43,3.93,2.79,1,3,10,SC[C@H](C(=O)N[C@H](C(=O)O)Cc1ccc(cc1)OC)CC(C)C
39,1atr,refined,Protein-Ligand,2.34,Kd=110nM,6.96,1993,"HEAT-SHOCK COGNATE 70 KD PROTEIN, HSC70",20608738,0,"(2010) J. Med. Chem., Vol.53, pp.7280-7286",P19120,C10H12N5O10P2,429.217,429.045,44,46,266.1,-4.89,-2.04,3,10,7,O[C@@H]1[C@@H](COP(OP(O)(O)O)(O)O)O[C@H]([C@@H]1O)n1cnc2c1ncnc2N
40,1avn,refined,Protein-Ligand,2,Kd=0.125mM,3.9,1997,carbonic anhydrase ii,9265618,46391469,"Biochemistry v36 pp. 10384-92, 1997",P00918,C5H10N3,112.153,112.087,18,18,56.32,-0.58,-0.81,2,1,2,C(c1cnc[nH]1)C[NH3+]
41,1ax0,refined,Protein-Ligand,1.9,Kd=0.746mM,3.13,1998,lectin,9545381,46391475,"J.Mol.Biol. v277 pp. 917-32, 1998",P16404,C8H15NO6,221.208,221.09,30,30,119.25,-2.59,-2.69,5,5,7,OC[C@H]1O[C@H](O)[C@@H]([C@H]([C@H]1O)O)NC(=O)C
42,1azm,refined,Protein-Ligand,2,Ki=0.8uM,6.1,1994,human carbonic anhydrase I enzyme (HCAI),3735316,0,"(1986) J. Med. Chem., Vol.29, pp.1488-1494",P00915,C4H6N4O3S2,222.245,221.988,19,19,151.66,-1.23,1,2,5,3,CC(=O)Nc1nnc(s1)S(=O)(=O)N
43,1b05,refined,Protein-Ligand,2,Kd=75nM,7.12,1998,oligo-peptide binding protein,10438628,46391486,"J.Mol.Biol. v291 pp. 393-415, 1999",P06202,C15H33N5O4S,380.527,380.233,59,58,217.22,-3.17,-2.81,5,4,16,[NH3+]CCCC[C@@H](C(=O)N[C@H](C(=O)N[C@H](C(=O)O)CCCC[NH3+])CS)[NH3+]
44,1b0h,refined,Protein-Ligand,1.9,Kd=0.20uM,6.7,1998,oligo-peptide binding protein,10422831,46391488,"Protein Sci. v8 pp. 1432-44, 1999",P06202,C25H39N5O4,474.616,474.308,74,75,178.42,-0.25,-0.35,5,4,16,[NH3+]CCCC[C@@H](C(=O)N[C@H](C(=O)N[C@H](C(=O)O)CCCC[NH3+])Cc1cccc2c1cccc2)[NH3+]
45,1b1h,refined,Protein-Ligand,1.8,Kd=0.093uM,7.03,1998,oligo-peptide binding protein,10422831,46391490,"Protein Sci. v8 pp. 1432-44, 1999",P06202,C22H39N5O4,438.584,438.308,71,71,178.42,-1.15,-1.11,5,4,17,[NH3+]CCCC[C@@H](C(=O)N[C@H](C(=O)N[C@H](C(=O)O)CCCC[NH3+])CCc1ccccc1)[NH3+]
46,1b2h,refined,Protein-Ligand,1.9,Kd=29uM,4.54,1998,oligo-peptide binding protein,10422831,46391491,"Protein Sci. v8 pp. 1432-44, 1999",P06202,C17H39N6O4,392.537,392.311,67,66,206.06,-3.69,-3.72,6,4,17,[NH3+]CCCC[C@@H](C(=O)N[C@H](C(=O)N[C@H](C(=O)O)CCCC[NH3+])CCC[NH3+])[NH3+]
47,1b32,refined,Protein-Ligand,1.75,Kd=79nM,7.1,1998,oligo-peptide binding protein,10438628,46391493,"J.Mol.Biol. v291 pp. 393-415, 1999",P06202,C17H37N5O4S,408.58,408.264,65,64,203.72,-2.45,-1.99,5,4,17,[NH3+]CCCC[C@@H](C(=O)N[C@H](C(=O)N[C@H](C(=O)O)CCCC[NH3+])CCSC)[NH3+]
48,1b38,refined,Protein-Ligand,2,Kd=0.254uM,6.6,1998,cyclin dependent kinase 2,10085115,46391494,"J.Biol.Chem. v274 pp. 8746-56, 1999",P24941,C10H12N5O13P3,510.205,510.019,50,52,329.38,-6.07,-2.36,3,12,9,O[C@@H]1[C@@H](COP(OP(OP(O)(O)O)(O)O)(O)O)O[C@H]([C@@H]1O)n1cnc2c1ncnc2N
49,1b3f,refined,Protein-Ligand,1.8,Kd=130nM,6.89,1998,oligo-peptide binding protein,10438628,46391496,"J.Mol.Biol. v291 pp. 393-415, 1999",P06202,C18H35N7O4,414.523,414.283,65,65,207.1,-3.33,-2.78,6,5,16,[NH3+]CCCC[C@@H](C(=O)N[C@H](C(=O)N[C@H](C(=O)O)CCCC[NH3+])Cc1[nH]cnc1)[NH3+]
50,1b3g,refined,Protein-Ligand,2,Kd=200nM,6.7,1998,oligo-peptide binding protein,10438628,46391497,"J.Mol.Biol. v291 pp. 393-415, 1999",P06202,C18H39N5O4,390.541,390.308,67,66,178.42,-1.77,-1.7,5,4,16,[NH3+]CCCC[C@@H](C(=O)N[C@H](C(=O)N[C@H](C(=O)O)CCCC[NH3+])[C@H](CC)C)[NH3+]
51,1b3h,refined,Protein-Ligand,2,Kd=0.62uM,6.21,1998,oligo-peptide binding protein,10422831,46391498,"Protein Sci. v8 pp. 1432-44, 1999",P06202,C21H43N5O4,430.605,430.339,74,74,178.42,-0.36,-0.77,5,4,16,[NH3+]CCCC[C@@H](C(=O)N[C@H](C(=O)N[C@H](C(=O)O)CCCC[NH3+])CC1CCCCC1)[NH3+]
52,1b3l,refined,Protein-Ligand,2,Kd=1300nM,5.89,1998,oligo-peptide binding protein,10438628,46391499,"J.Mol.Biol. v291 pp. 393-415, 1999",P06202,C14H31N5O4,334.435,334.245,55,54,178.42,-3.49,-3.11,5,4,14,[NH3+]CCCC[C@@H](C(=O)NCC(=O)N[C@H](C(=O)O)CCCC[NH3+])[NH3+]
53,1b40,refined,Protein-Ligand,2.2,Kd=53nM,7.28,1999,oligo-peptide binding protein,10438628,46391500,"J.Mol.Biol. v291 pp. 393-415, 1999",P06202,C21H37N5O4,424.558,424.292,68,68,178.42,-1.5,-1.5,5,4,16,[NH3+]CCCC[C@@H](C(=O)N[C@H](C(=O)N[C@H](C(=O)O)CCCC[NH3+])Cc1ccccc1)[NH3+]
54,1b46,refined,Protein-Ligand,1.8,Kd=5200nM,5.28,1999,oligo-peptide binding protein,10438628,46391502,"J.Mol.Biol. v291 pp. 393-415, 1999",P06202,C17H35N5O4,374.499,374.277,62,62,169.63,-2.79,-2.69,4,4,13,[NH3+]CCCC[C@@H](C(=O)O)NC(=O)[C@@H]1CCCN1C(=O)[C@H](CCCC[NH3+])[NH3+]
55,1b4h,refined,Protein-Ligand,1.9,Kd=3.44uM,5.46,1998,oligo-peptide binding protein,10422831,46391504,"Protein Sci. v8 pp. 1432-44, 1999",P06202,C16H37N6O4,378.511,378.295,64,63,206.06,-4.04,-4.11,6,4,16,[NH3+]CCCC[C@@H](C(=O)N[C@H](C(=O)N[C@H](C(=O)O)CCCC[NH3+])CC[NH3+])[NH3+]
56,1b4z,refined,Protein-Ligand,1.75,Kd=5900nM,5.23,1999,oligo-peptide binding protein,10438628,46391505,"J.Mol.Biol. v291 pp. 393-415, 1999",P06202,C16H32N5O6,392.471,392.251,61,60,215.72,-4.8,-3.27,5,6,15,[NH3+]CCCC[C@@H](C(=O)N[C@H](C(=O)N[C@H](C(=O)O)CCCC[NH3+])CC(=O)O)[NH3+]
57,1b51,refined,Protein-Ligand,1.8,Kd=43nM,7.37,1999,oligo-peptide binding protein,10438628,46391506,"J.Mol.Biol. v291 pp. 393-415, 1999",P06202,C15H33N5O5,364.461,364.256,59,58,198.65,-4.14,-3.75,6,5,16,[NH3+]CCCC[C@@H](C(=O)N[C@H](C(=O)N[C@H](C(=O)O)CCCC[NH3+])CO)[NH3+]
58,1b52,refined,Protein-Ligand,2.3,Kd=76nM,7.12,1999,oligo-peptide binding protein,10438628,46391507,"J.Mol.Biol. v291 pp. 393-415, 1999",P06202,C16H35N5O5,378.488,378.272,62,61,198.65,-3.71,-3.36,6,5,16,[NH3+]CCCC[C@@H](C(=O)N[C@H](C(=O)N[C@H](C(=O)O)CCCC[NH3+])[C@H](O)C)[NH3+]
59,1b55,refined,Protein-Ligand,2.4,Kd=40nM,7.4,1999,tyrosine kinase btk,10196129,46391508,"Structure Fold.Des. v7 pp. 449-60, 1999",Q06187,C6H8O18P4,504.107,503.96,48,48,374.5,-8.74,-5.12,2,14,6,O[C@@H]1[C@H](OP(O)(O)O)[C@@H](OP(O)(O)O)[C@@H]([C@H]([C@@H]1OP(O)(O)O)O)OP(O)(O)O
60,1b57,refined,Protein-Ligand,2,Ki=0.01uM,8,2000,"Escherichia coli class II fructose-1, 6-bisphosphate aldolase",16236509,0,"(2005) Bioorg. Med. Chem. Lett., Vol.15, pp.5375-5377",P0AB71,C2H4NO6P,172.054,172.001,17,16,132.84,-2.86,-1.45,2,5,4,ONC(=O)COP(O)(O)O
61,1b58,refined,Protein-Ligand,1.8,Kd=260nM,6.59,1999,oligo-peptide binding protein,10438628,46391509,"J.Mol.Biol. v291 pp. 393-415, 1999",P06202,C21H37N5O5,440.557,440.287,69,69,198.65,-1.86,-1.79,6,5,17,[NH3+]CCCC[C@@H](C(=O)N[C@H](C(=O)N[C@H](C(=O)O)CCCC[NH3+])Cc1ccc(cc1)O)[NH3+]
62,1b5h,refined,Protein-Ligand,1.9,Kd=0.97uM,6.01,1998,oligo-peptide binding protein,10422831,46391511,"Protein Sci. v8 pp. 1432-44, 1999",P06202,C15H35N6O4,364.484,364.28,61,60,206.06,-4.4,-4.5,6,4,15,[NH3+]CCCC[C@@H](C(=O)N[C@H](C(=O)N[C@H](C(=O)O)CCCC[NH3+])C[NH3+])[NH3+]
63,1b5i,refined,Protein-Ligand,1.9,Kd=90nM,7.05,1999,oligo-peptide binding protein,10438628,46391512,"J.Mol.Biol. v291 pp. 393-415, 1999",P06202,C16H34N6O5,391.486,391.267,62,61,221.51,-4.61,-3.17,6,5,16,[NH3+]CCCC[C@@H](C(=O)N[C@H](C(=O)N[C@H](C(=O)O)CCCC[NH3+])CC(=O)N)[NH3+]
64,1b5j,refined,Protein-Ligand,1.8,Kd=37nM,7.43,1999,oligo-peptide binding protein,10438628,46391513,"J.Mol.Biol. v291 pp. 393-415, 1999",P06202,C17H36N6O5,405.513,405.283,65,64,221.51,-4.26,-2.78,6,5,17,[NH3+]CCCC[C@@H](C(=O)N[C@H](C(=O)N[C@H](C(=O)O)CCCC[NH3+])CCC(=O)N)[NH3+]
65,1b6h,refined,Protein-Ligand,1.8,Kd=0.015uM,7.82,1998,oligo-peptide binding protein,10422831,46391514,"Protein Sci. v8 pp. 1432-44, 1999",P06202,C17H37N5O4,376.515,376.292,64,63,178.42,-2.21,-1.94,5,4,16,[NH3+]CCCC[C@@H](C(=O)N[C@H](C(=O)N[C@H](C(=O)O)CCCC[NH3+])CCC)[NH3+]
66,1b6j,refined,Protein-Ligand,1.85,Ki=12nM,7.92,2000,HIV-1 protease,10387041,46391515,"Biochemistry v38 pp. 7978-88, 1999",P03369,C34H54N7O8,688.835,688.403,103,105,236.48,0.49,2.22,8,7,16,CC[C@@H]([C@@H](C(=O)N[C@H](C(=O)N)C(C)C)NC(=O)[C@@H]1CCC[N@H+]1C[C@@H]([C@H]1NC(=O)[C@H](CC(=O)N)NC(=O)CCCOc2ccc(C1)cc2)O)C
67,1b6k,refined,Protein-Ligand,1.85,Ki=1.8nM,8.74,2000,HIV-1 protease,10387041,46391516,"Biochemistry v38 pp. 7978-88, 1999",P03369,C37H54N5O7,680.854,680.402,103,106,173.91,4.18,2.02,6,6,15,CC[C@@H]([C@@H]1NC(=O)[C@@H]([NH2+]C[C@H]([C@@H](NC(=O)[C@@H](N2CCCC2=O)C(C)C)Cc2ccc(cc2)O)O)Cc2ccc(OCCCNC1=O)cc2)C
68,1b6l,refined,Protein-Ligand,1.75,Ki=5nM,8.3,2000,HIV-1 protease,10387041,46391517,"Biochemistry v38 pp. 7978-88, 1999",P03369,C28H44N5O6,546.679,546.329,83,85,164.29,0.46,2.28,6,5,9,NC(=O)C[C@@H]1NC(=O)CCCOc2ccc(C[C@H](NC1=O)[C@@H](C[N@@H+]1CCCC[C@H]1C(=O)NC(C)(C)C)O)cc2
69,1b7h,refined,Protein-Ligand,2,Kd=0.0095uM,8.02,1998,oligo-peptide binding protein,10422831,46391521,"Protein Sci. v8 pp. 1432-44, 1999",P06202,C18H39N5O4,390.541,390.308,67,66,178.42,-1.67,-1.55,5,4,17,[NH3+]CCCC[C@@H](C(=O)N[C@H](C(=O)N[C@H](C(=O)O)CCCC[NH3+])CCCC)[NH3+]
70,1b8n,refined,Protein-Ligand,2,Ki=30pM,10.52,1999,purine nucleoside phosphorylase,12463747,46391522,"Biochemistry v41 pp. 14489-98, 2002",P55859,C11H16N5O4,282.276,282.12,36,38,164.86,-2.88,-1.32,7,4,5,OC[C@H]1[NH2+][C@H]([C@@H]([C@@H]1O)O)c1c[nH]c2c1nc(N)[nH]c2=O
71,1b8o,refined,Protein-Ligand,1.5,Ki=23pM,10.64,1999,purine nucleoside phosphorylase,11170405,46391523,"Biochemistry v40 pp. 853-60, 2001",P55859,C11H15N4O4,267.261,267.109,34,36,138.84,-2.3,-1.48,6,4,5,OC[C@H]1[NH2+][C@H]([C@@H]([C@@H]1O)O)c1c[nH]c2c1nc[nH]c2=O
72,1b8y,refined,Protein-Ligand,2,Ki=14nM,7.85,1999,stromelysin-1,10422833,46391524,"Protein Sci. v8 pp. 1455-62, 1999",P08254,C19H21N2O4S,374.454,374.13,48,50,95.09,3.73,3.97,1,4,5,OC(=O)CNS(=O)(=O)c1ccc(cc1)N1CCC(CC1)c1ccccc1
73,1b9j,refined,Protein-Ligand,1.8,Kd=1100nM,5.96,1999,oligo-peptide binding protein,10438628,46391525,"J.Mol.Biol. v291 pp. 393-415, 1999",P06202,C18H39N5O4,390.541,390.308,67,66,178.42,-1.77,-1.7,5,4,16,[NH3+]CCCC[C@@H](C(=O)N[C@H](C(=O)N[C@H](C(=O)O)CCCC[NH3+])CC(C)C)[NH3+]
74,1bai,refined,Protein-Ligand,2.4,Ki=20nM,7.7,1999,rous sarcoma virus protease,9521772,46391530,"Biochemistry v37 pp. 4518-26, 1998",P03354 P03322,C40H68N11O9,848.044,847.528,129,129,348.64,1.97,0.59,8,9,33,CCCC[C@@H](C(=O)N)NC(=O)[C@@H](NC(=O)[C@@H](NC(=O)[C@@H](NC(=O)[C@@H](NC(=O)[C@H](C(C)C)NC(=O)[C@H](CCC[NH+]=C(N)N)[NH3+])CC(C)C)Cc1ccccc1)CCC(=O)O)C
75,1bcd,refined,Protein-Ligand,1.9,Ki=2nM,8.7,1993,carbonic anhydrase ii,8070585,46391534,"FEBS Lett. v350 pp. 319-22, 1994",P00918,CH2NO2SF3,149.092,148.976,10,9,68.54,0.14,1.58,1,2,0,FC(S(=O)(=O)N)(F)F
76,1bcu,refined,Protein-Ligand,2,Kd=0.53mM,3.28,1998,thrombin alpha,9559654,46391536,"FEBS Lett. v425 pp. 229-33, 1998",P01050 P00734,C13H11N3,209.247,209.095,27,29,64.93,2.17,3.71,2,1,0,Nc1ccc2c(c1)nc1c(c2)ccc(c1)N
77,1bdq,refined,Protein-Ligand,2.5,Ki=0.46uM,6.34,1998,HIV-1 protease,9692985,46391538,"Biochemistry v37 pp. 10928-36, 1998",P04587,C31H42N4O4,534.69,534.321,81,83,116.34,4.96,5.75,4,4,17,O=C(OC(C)(C)C)N[C@H]([C@H](C[C@H](C(=O)N[C@H](c1ncc[nH]1)C(C)C)Cc1ccccc1)O)Cc1ccccc1
78,1bgq,refined,Protein-Ligand,2.5,Kd=2.7nM,8.57,1999,heat shock protein 90,9925731,46391541,"J.Med.Chem. v42 pp. 260-6, 1999",P02829,C18H17O6Cl,364.777,364.071,42,44,96.36,3.36,2.69,2,4,2,C[C@@H]1C[C@H]2O[C@@H]2/C=C\C=C\C(=O)Cc2c(C(=O)O1)c(O)cc(c2Cl)O
79,1bhf,refined,Protein-Ligand,1.8,Kd=42uM,4.38,1998,tyrosine kinase p56lck,9685372,46391542,"J.Biol.Chem. v273 pp. 20238-42, 1998",P06239,C29H36N4O12,636.647,636.264,85,85,265.6,5.34,1.24,4,12,20,CC[C@@H]([C@@H](C(=O)O)NC(=O)[C@@H](NC(=O)[C@@H](NC(=O)[C@H](Cc1ccc(cc1)CC(=O)O)NC(=O)C)CCC(=O)O)CCC(=O)O)C
80,1bhx,refined,Protein-Ligand,2.3,Ki=0.145uM,6.84,1998,thrombin alpha,9733491,46391543,"J.Med.Chem. v41 pp. 3664-74, 1998",P00734,C19H29N6O4S2,469.601,469.169,60,62,195.27,1.76,0.6,2,4,10,O=C([C@@H]1CS[C@@H]2N1C(=O)[C@@H](CC2)NS(=O)(=O)Cc1ccccc1)NCCC[NH+]=C(N)N
81,1bju,refined,Protein-Ligand,1.8,Ki=16uM,4.8,1998,BETA-TRYPSIN,9836602,53812525,"Biochemistry. 1998, 37, 17068-17081.",P00760,C14H14N4OCl,289.74,289.086,34,35,92.74,3.9,2.29,2,1,5,O=C(Nc1ccc(cc1)Cl)Nc1ccc(cc1)C(=[NH2+])N
82,1bjv,refined,Protein-Ligand,1.8,Ki=2.9uM,5.54,1998,BETA-TRYPSIN,9836602,53812526,"Biochemistry. 1998, 37, 17068-17081.",P00760,C20H19N4O2,347.39,347.151,45,47,101.97,4.8,3.43,2,1,7,O=C(Nc1ccc(cc1)C(=[NH2+])N)Nc1ccc(cc1)Oc1ccccc1
83,1bm7,refined,Protein-Ligand,2,Kd=30nM,7.52,1998,transthyretin,9789022,46391558,"Proc.Natl.Acad.Sci.USA v95 pp. 12956-60, 1998",P02766,C14H9NO2F3,281.23,281.066,30,31,49.33,5.51,4.22,1,2,2,OC(=O)c1ccccc1Nc1cccc(c1)C(F)(F)F
84,1bma,refined,Protein-Ligand,1.8,Ki=26uM,4.59,1995,elastase,7604279,46391559,"Science v269 pp. 66-9, 1995",P00772,C27H36N4O3F3,521.595,521.274,73,74,87.3,5.5,5.37,3,3,14,CC(C[C@@H](C(=O)N[N@+](Cc1ccccc1)(CC(=O)Nc1ccc(cc1)C(C)C)C)NC(=O)C(F)(F)F)C
85,1bn1,refined,Protein-Ligand,2.1,Kd=0.46nM,9.34,1999,carbonic anhydrase ii,9865942,46391565,"Protein Sci. v7 pp. 2483-9, 1998",P00918,C12H14N2O4S3,346.446,346.012,35,36,151.33,1.66,4.44,2,4,5,Cc1ccc(cc1)CNS(=O)(=O)c1ccc(s1)S(=O)(=O)N
86,1bn3,refined,Protein-Ligand,2.2,Kd=0.13nM,9.89,1999,carbonic anhydrase ii,9865942,46391566,"Protein Sci. v7 pp. 2483-9, 1998",P00918,C13H12N2O5S3,372.44,371.991,35,37,151.77,1.65,4.51,1,4,3,COc1cccc(c1)N1C=Cc2c(S1(=O)=O)sc(c2)S(=O)(=O)N
87,1bn4,refined,Protein-Ligand,2.1,Kd=0.49nM,9.31,1999,carbonic anhydrase ii,9865942,46391567,"Protein Sci. v7 pp. 2483-9, 1998",P00918,C12H14N2O5S3,362.445,362.006,36,37,160.56,1.26,4.14,2,4,6,COc1ccc(cc1)CNS(=O)(=O)c1ccc(s1)S(=O)(=O)N
88,1bnn,refined,Protein-Ligand,2.3,Kd=0.10nM,10,1999,carbonic anhydrase ii,9865942,46391569,"Protein Sci. v7 pp. 2483-9, 1998",P00918,C13H14N2O5S3,374.456,374.006,37,39,151.77,1.55,4.08,1,4,3,COc1cccc(c1)N1CCc2c(S1(=O)=O)sc(c2)S(=O)(=O)N
89,1bnq,refined,Protein-Ligand,2.4,Kd=0.32nM,9.49,1999,carbonic anhydrase ii,9865942,46391570,"Protein Sci. v7 pp. 2483-9, 1998",P00918,C11H20N3O5S3,370.489,370.057,42,43,168.38,-0.62,1.47,2,4,6,COCCN1C[C@H]([NH2+]CC)c2c(S1(=O)=O)sc(c2)S(=O)(=O)N
90,1bnt,refined,Protein-Ligand,2.15,Kd=0.16nM,9.8,1999,carbonic anhydrase ii,9865942,46391571,"Protein Sci. v7 pp. 2483-9, 1998",P00918,C13H14N2O6S3,390.455,390.001,38,40,172,0.43,3.57,2,5,4,COc1ccc(cc1)N1C[C@H](O)c2c(S1(=O)=O)sc(c2)S(=O)(=O)N
91,1bnu,refined,Protein-Ligand,2.15,Kd=0.20nM,9.7,1999,carbonic anhydrase ii,9865942,46391572,"Protein Sci. v7 pp. 2483-9, 1998",P00918,C11H12N2O5S4,380.483,379.963,34,36,191.01,0.12,3.49,2,5,4,O[C@H]1CN(Cc2cccs2)S(=O)(=O)c2c1cc(s2)S(=O)(=O)N
92,1bnv,refined,Protein-Ligand,2.4,Kd=1.70nM,8.77,1999,carbonic anhydrase ii,9865942,46391573,"Protein Sci. v7 pp. 2483-9, 1998",P00918,C14H18N3O5S3,404.505,404.041,43,45,168.38,0.69,2.77,2,4,4,C[NH2+][C@@H]1CN(c2cccc(c2)OC)S(=O)(=O)c2c1cc(s2)S(=O)(=O)N
93,1bnw,refined,Protein-Ligand,2.25,Kd=0.83nM,9.08,1999,carbonic anhydrase ii,9865942,46391574,"Protein Sci. v7 pp. 2483-9, 1998",P00918,C9H10N2O4S4,338.447,337.952,29,30,179.57,1.01,4.19,2,4,5,O=S(=O)(c1ccc(s1)S(=O)(=O)N)NCc1cccs1
94,1bp0,refined,Protein-Ligand,2.4,Kd=4.0uM,5.4,1998,thymidylate synthase,10653645,46391576,"Biochemistry v39 pp. 1011-20, 2000",P00469,C9H11N2O8P,309.19,309.049,34,35,167.83,-3.14,-2.14,2,6,4,O[C@H]1C[C@@H](O[C@@H]1COP(O)(O)O)n1ccc(=O)[nH]c1=O
95,1bq4,refined,Protein-Ligand,2.5,Ki=6uM,5.22,1998,phosphoglycerate mutase 1,10369755,46391578,"J.Mol.Biol. v289 pp. 691-9, 1999",P00950,C12O12,342.169,341.986,30,30,223.8,5.58,-0.12,0,12,0,OC(=O)c1c(C(=O)O)c(C(=O)O)c(c(c1C(=O)O)C(=O)O)C(=O)O
96,1br6,refined,Protein-Ligand,2.3,Ki=0.6mM,3.22,1998,ricin,9086280,46391583,"J.Mol.Biol. v266 pp. 1043-9, 1997",P02879,C14H11N6O3,312.283,312.097,35,37,146.88,0.77,1.26,3,5,3,OC(=O)c1ccc(cc1)NCc1cnc2c(n1)c(=O)[nH]c(n2)N
97,1bty,refined,Protein-Ligand,1.5,Ki=18.4uM,4.74,1995,bovine trypsin,12036355,0,"(2002) J. Med. Chem., Vol.45, pp.2469-2483",P00760,C7H9N2,121.16,121.077,18,18,51.61,2.71,-0.15,0,0,1,NC(=[NH2+])c1ccccc1
98,1bv7,refined,Protein-Ligand,2,Ki=0.05nM,10.3,1998,HIV-1 protease,9790666,46391589,"Biochemistry v37 pp. 15042-9, 1998",P04585,C41H38N6O5S2,758.908,758.235,92,98,204.47,5.7,6.51,4,7,16,O[C@@H]1[C@@H](O)[C@@H](Cc2ccccc2)N(C(=O)N([C@@H]1Cc1ccccc1)Cc1cccc(c1)C(=O)Nc1nccs1)Cc1cccc(c1)C(=O)Nc1nccs1
99,1bv9,refined,Protein-Ligand,2,Ki=0.11nM,9.96,1998,HIV-1 protease,9790666,46391590,"Biochemistry v37 pp. 15042-9, 1998",P04585,C41H38N6O5S2,758.908,758.235,92,98,204.47,5.7,6.51,4,7,16,O[C@@H]1[C@@H](O)[C@@H](Cc2ccccc2)N(C(=O)N([C@@H]1Cc1ccccc1)Cc1cccc(c1)C(=O)Nc1nccs1)Cc1cccc(c1)C(=O)Nc1nccs1
100,1bwa,refined,Protein-Ligand,1.9,Ki=2.5nM,8.6,1998,HIV-1 protease,9790666,46391591,"Biochemistry v37 pp. 15042-9, 1998",P04585,C41H38N6O5S2,758.908,758.235,92,98,204.47,5.7,6.51,4,7,16,O[C@@H]1[C@@H](O)[C@@H](Cc2ccccc2)N(C(=O)N([C@@H]1Cc1ccccc1)Cc1cccc(c1)C(=O)Nc1nccs1)Cc1cccc(c1)C(=O)Nc1nccs1
101,1bwb,refined,Protein-Ligand,1.8,Ki=3.8nM,8.42,1998,HIV-1 protease,9790666,46391592,"Biochemistry v37 pp. 15042-9, 1998",P04585,C49H44N8O5,824.924,824.343,106,114,179.57,6.77,7.35,6,7,16,O=C1N(Cc2cccc(c2)C(=O)Nc2nc3c([nH]2)cccc3)[C@H](Cc2ccccc2)[C@@H]([C@H]([C@H](N1Cc1cccc(c1)C(=O)Nc1nc2c([nH]1)cccc2)Cc1ccccc1)O)O
102,1bxo,refined,Protein-Ligand,0.95,Ki=0.10nM,10,1998,penicillopepsin,9836576,46391594,"Biochemistry v37 pp. 16839-45, 1998",P00798,C30H46N4O9P,639.697,639.316,92,93,205.98,2.11,3.15,4,7,12,COC(=O)[C@@H]1Cc2cccc(c2)CNC(=O)C[C@@H](C(=O)N[C@H](P(O1)(O)O)CC(C)C)NC(=O)[C@H](C(C)C)NC(=O)CC(C)C
103,1bxq,refined,Protein-Ligand,1.41,Ki=42nM,7.38,1998,penicillopepsin,9836576,46391595,"Biochemistry v37 pp. 16839-45, 1998",P00798,C29H46N4O9P,627.687,627.316,91,91,219.97,2.14,3.44,4,7,22,COC(=O)[C@@H](OP([C@@H](NC(=O)[C@@H](NC(=O)[C@H](C(C)C)NC(=O)CC(C)C)CC(=O)N)CC(C)C)(O)O)Cc1ccccc1
104,1bxr,refined,Protein-Ligand,2.1,Ki=0.4mM,3.4,1999,carbamoyl-phosphate synthase,10029528,46391596,"Biochemistry v38 pp. 2347-57, 1999",P00968 P0A6F1,C10H13N6O12P3,509.22,509.035,51,53,332.18,-6.35,-2.4,4,12,9,O[C@@H]1[C@@H](COP(OP(NP(O)(O)O)(O)O)(O)O)O[C@H]([C@@H]1O)n1cnc2c1ncnc2N
105,1bzc,refined,Protein-Ligand,2.35,Ki=12uM,4.92,1999,tyrosine phosphatase 1b,9922143,46391598,"Biochemistry v37 pp. 17773-83, 1998",P18031,C17H14N2O7PF2,431.305,431.082,47,48,183.77,1.28,2.17,2,7,7,OC(=O)CC[C@@H](C(=O)N)NC(=O)c1ccc2c(c1)ccc(c2)C(P(O)(O)O)(F)F
106,1bzj,refined,Protein-Ligand,2.25,Ki=22uM,4.66,1999,tyrosine phosphatase 1b,9922143,46391601,"Biochemistry v37 pp. 17773-83, 1998",P18031,C12H6O5PF2,303.175,303.023,30,31,111.58,2.33,2.33,0,5,1,OC(=O)c1ccc2c(c1)ccc(c2)C(P(O)(O)O)(F)F
107,1bzy,refined,Protein-Ligand,2,Kd=4.6nM,8.34,1999,hypoxanthine-guanine phosphoribosyltransferase,10360366,46391603,"Nat.Struct.Biol. v6 pp. 588-93, 1999",P00492,C11H15N5O7P,363.264,363.094,42,44,228.14,-6.97,-1.64,6,6,5,O[C@H]1[C@@H]([NH2+][C@@H]([C@H]1O)COP(O)(O)O)c1c[nH]c2c1nc(N)[nH]c2=O
108,1c1r,refined,Protein-Ligand,1.37,Ki=0.0235uM,7.63,2000,trypsin beta,9468142,46391605,"Nature v391 pp. 608-12, 1998",P00760,C16H15N6,291.331,291.136,37,40,108.97,3.83,1.19,2,2,3,NC(=[NH2+])c1ccc2c(c1)[nH]c(n2)Cc1nc2c([nH]1)cccc2
109,1c1u,refined,Protein-Ligand,1.75,Ki=0.0056uM,8.25,2000,thrombin alpha,9468142,46391606,"Nature v391 pp. 608-12, 1998",P28504 P00734,C16H15N6,291.331,291.136,37,40,108.97,3.83,1.19,2,2,3,NC(=[NH2+])c1ccc2c(c1)[nH]c(n2)Cc1nc2c([nH]1)cccc2
110,1c1v,refined,Protein-Ligand,1.98,Ki=0.023uM,7.64,2000,thrombin alpha,9468142,46391607,"Nature v391 pp. 608-12, 1998",P28504 P00734,C17H18N8,334.378,334.165,43,46,160.58,4.62,-0.64,2,2,4,NC(=[NH2+])c1ccc2c(c1)[nH]c(n2)Cc1nc2c([nH]1)cc(cc2)C(=[NH2+])N
111,1c3x,refined,Protein-Ligand,2.4,Ki=210uM,3.68,1999,pentosyltransferase,10600382,46391614,"J.Mol.Biol. v294 pp. 1239-55, 1999",P81989,C5H4N5OI,277.023,276.946,16,17,100.45,-0.39,0.41,3,2,0,Ic1[nH]c2c(n1)c(=O)[nH]c(n2)N
112,1c4u,refined,Protein-Ligand,2.1,Ki=0.043nM,10.37,2000,thrombin alpha,10713516,46391615,"Acta Crystallogr., Sect.D v56 pp. 294-303, 2000",P28504 P00734,C23H30N6O5SBr,582.49,581.118,66,69,172.16,3.27,1.37,1,5,9,O=C([C@@H]1C=CCn2n1c(=O)n(c2=O)CCS(=O)(=O)c1ccc(cc1)Br)NC[C@@H]1CC[C@H](CC1)C(=[NH2+])N
113,1c5c,refined,Protein-Ligand,1.61,Kd=110nM,6.96,2000,chimeric decarboxylase antibody 21d8,11183784,46391619,"J.Mol.Biol. v302 pp. 1213-25, 2000",,C12H9NO7S2,349.38,349.029,37,38,201.08,0.56,4.04,1,7,2,CC(=O)Nc1ccc2c(c1S(O)(O)O)cccc2S(O)(O)O
114,1c5n,refined,Protein-Ligand,1.5,Ki=20uM,4.7,2000,thrombin alpha,10779411,46391621,"Chem.Biol. v7 pp. 299-312, 2000",P28504 P00734,C9H8N2SI,303.143,302.945,21,22,79.85,4.41,1.67,0,0,1,Ic1cccc2c1cc(s2)C(=[NH2+])N
115,1c5o,refined,Protein-Ligand,1.9,Ki=320uM,3.49,2000,thrombin alpha,10779411,46391622,"Chem.Biol. v7 pp. 299-312, 2000",P28504 P00734,C7H9N2,121.16,121.077,18,18,51.61,2.71,-0.15,0,0,1,NC(=[NH2+])c1ccccc1
116,1c5p,refined,Protein-Ligand,1.43,Ki=21uM,4.68,2000,trypsin beta,10779411,46391623,"Chem.Biol. v7 pp. 299-312, 2000",P00760,C7H9N2,121.16,121.077,18,18,51.61,2.71,-0.15,0,0,1,NC(=[NH2+])c1ccccc1
117,1c5q,refined,Protein-Ligand,1.43,Ki=0.44uM,6.36,2000,trypsin beta,10779411,46391624,"Chem.Biol. v7 pp. 299-312, 2000",P00760,C9H8N2SI,303.143,302.945,21,22,79.85,4.41,1.67,0,0,1,Ic1cccc2c1cc(s2)C(=[NH2+])N
118,1c5s,refined,Protein-Ligand,1.36,Ki=1.0uM,6,2000,trypsin beta,10779411,46391625,"Chem.Biol. v7 pp. 299-312, 2000",P00760,C9H9N2S,177.246,177.049,21,22,79.85,3.76,1.07,0,0,1,NC(=[NH2+])c1cc2c(s1)cccc2
119,1c5t,refined,Protein-Ligand,1.37,Ki=80uM,4.1,2000,trypsin beta,10779411,46391626,"Chem.Biol. v7 pp. 299-312, 2000",P00760,C8H8N3S,178.234,178.044,20,21,92.74,3.03,0.46,0,1,1,NC(=[NH2+])c1cc2c(s1)nccc2
120,1c5x,refined,Protein-Ligand,1.75,Ki=0.21uM,6.68,2000,urokinase-type plasminogen activator,10779411,46391627,"Chem.Biol. v7 pp. 299-312, 2000",P00749,C9H8N2SI,303.143,302.945,21,22,79.85,4.41,1.67,0,0,1,Ic1cccc2c1cc(s2)C(=[NH2+])N
121,1c5y,refined,Protein-Ligand,1.65,Ki=63uM,4.2,2000,urokinase-type plasminogen activator,10779411,46391628,"Chem.Biol. v7 pp. 299-312, 2000",P00749,C8H8N3S,178.234,178.044,20,21,92.74,3.03,0.46,0,1,1,NC(=[NH2+])c1cc2c(s1)nccc2
122,1c70,refined,Protein-Ligand,2.5,Ki=0.05nM,10.3,2000,HIV-1 protease,10739910,46391631,"Acta Crystallogr., Sect.D v56 pp. 381-8, 2000",O92103,C39H50N4O5,654.838,654.378,98,103,120.68,4.3,5.3,6,4,16,O[C@@H](C[C@H](C(=O)N[C@@H]1[C@H](O)Cc2c1cccc2)Cc1ccccc1)C[N@@H+]1CC[N@H+](C[C@H]1C(=O)NC(C)(C)C)Cc1cc2c(o1)cccc2
123,1c83,refined,Protein-Ligand,1.8,Ki=14uM,4.85,2000,tyrosine phosphatase 1b,10702277,46391634,"J.Biol.Chem. v275 pp. 7101-8, 2000",P18031,C11H6N2O5,248.192,248.043,26,27,119.49,2.99,0.96,2,5,2,O=C(C(=O)O)Nc1cc2[nH]ccc2cc1C(=O)O
124,1c84,refined,Protein-Ligand,2.35,Ki=9.9uM,5,2000,tyrosine phosphatase 1b,10702277,46391635,"J.Biol.Chem. v275 pp. 7101-8, 2000",P18031,C13H7NO5,259.214,259.048,28,29,103.7,4.12,1.63,1,5,2,OC(=O)C(=O)Nc1cc2ccccc2cc1C(=O)O
125,1c86,refined,Protein-Ligand,2.3,Ki=20uM,4.7,2000,tyrosine phosphatase 1b,10744717,46391637,"J.Biol.Chem. v275 pp. 10300-7, 2000",P18031,C10H7NO6S,271.247,271.015,27,28,141.17,2.6,0.62,1,5,2,O=C(C(=O)O)Nc1sc2c(c1C(=O)O)CCOC2
126,1c87,refined,Protein-Ligand,2.1,Ki=63uM,4.2,2000,tyrosine phosphatase 1b,10744717,46391638,"J.Biol.Chem. v275 pp. 10300-7, 2000",P18031,C10H7NO6S,271.247,271.015,27,28,141.17,2.6,0.62,1,5,2,O=C(C(=O)O)Nc1sc2c(c1C(=O)O)CCOC2
127,1c88,refined,Protein-Ligand,1.8,Ki=5.1uM,5.29,2000,tyrosine phosphatase 1b,10744717,46391639,"J.Biol.Chem. v275 pp. 10300-7, 2000",P18031,C10H9N2O5S,271.27,271.039,29,30,148.55,0.04,0.73,2,5,2,O=C(C(=O)O)Nc1sc2c(c1C(=O)O)CC[NH2+]C2
128,1cbx,refined,Protein-Ligand,2,Ki=0.45uM,6.35,1994,carboxypeptidase a,1738164,46391646,"J.Mol.Biol. v223 pp. 573-8, 1992",P00730,C11H10O4,208.211,208.074,27,27,74.6,3.86,1.4,0,4,3,OC(=O)[C@H](Cc1ccccc1)CC(=O)O
129,1ceb,refined,Protein-Ligand,2.1,Kd=1uM,6,1996,plasminogen,8611560,46391649,"Biochemistry v35 pp. 2567-76, 1996",P00747,C8H15NO2,158.218,158.118,27,27,64.94,-0.8,0.12,1,2,1,[NH3+]C[C@@H]1CC[C@H](CC1)C(=O)O
130,1cet,refined,Protein-Ligand,2.05,Ki=1.3mM,2.89,1999,lactate dehydrogenase,10187806,46391650,"J.Biol.Chem. v274 pp. 10213-8, 1999",Q27743,C18H27N3Cl,320.88,320.189,49,50,29.36,4.72,3.47,2,1,8,CC[NH+](CCC[C@H](Nc1ccnc2c1ccc(c2)Cl)C)CC
131,1cgl,refined,Protein-Ligand,2.4,Ki=0.135uM,6.87,1995,adenosine deaminase,8278810,46391651,"Science v263 pp. 375-7, 1994",P03956,C33H48N5O7,627.771,627.363,94,96,164.11,1.67,2.23,5,5,21,CC(C[C@@H](C(=O)N[C@H](C(=O)NCC[NH+]1CCOCC1)Cc1ccccc1)[NH2+][C@@H](C(=O)O)CCNC(=O)OCc1ccccc1)C
132,1ciz,refined,Protein-Ligand,1.64,Ki=36nM,7.44,1999,stromelysin-1,10422833,46391657,"Protein Sci. v8 pp. 1455-62, 1999",P08254,C28H28N3O4S,503.613,503.188,65,69,110.88,5.84,6.06,2,4,7,OC(=O)[C@H](NS(=O)(=O)c1ccc(cc1)N1CC[C@H](CC1)c1ccccc1)Cc1c[nH]c2c1cccc2
133,1cnw,refined,Protein-Ligand,2,Kd=19nM,7.72,1995,carbonic anhydrase ii,7608893,46391662,"J.Med.Chem. v38 pp. 2286-91, 1995",P00918,C15H25N4O6S,389.447,389.149,51,51,172.84,-2.13,0.02,4,4,14,[NH3+]CC(=O)NCCOCCOCCNC(=O)c1ccc(cc1)S(=O)(=O)N
134,1cnx,refined,Protein-Ligand,1.9,Kd=43nM,7.37,1995,carbonic anhydrase ii,7608893,46391663,"J.Med.Chem. v38 pp. 2286-91, 1995",P00918,C13H22N3O5S,332.396,332.128,44,44,143.74,-1.47,0.51,3,3,11,[NH3+]CCOCCOCCNC(=O)c1ccc(cc1)S(=O)(=O)N
135,1cny,refined,Protein-Ligand,2.3,Kd=14nM,7.85,1995,carbonic anhydrase ii,7608893,46391664,"J.Med.Chem. v38 pp. 2286-91, 1995",P00918,C22H31N4O6S,479.57,479.196,64,65,172.84,-0.14,1.63,4,4,16,[NH3+][C@H](C(=O)NCCOCCOCCNC(=O)c1ccc(cc1)S(=O)(=O)N)Cc1ccccc1
136,1cps,refined,Protein-Ligand,2.25,Ki=0.22uM,6.66,1993,carboxypeptidase a,1527041,46391667,"J.Biol.Chem. v267 pp. 19192-7, 1992",P00730,C11H15N2O2S,240.322,240.093,32,32,93.38,4.86,3.09,0,2,4,OC(=O)[C@@H](CS(=N)(=N)C)Cc1ccccc1
137,1ctt,refined,Protein-Ligand,2.2,Ki=30uM,4.52,1995,cytidine deaminase,7718553,46391676,"Biochemistry v34 pp. 4516-23, 1995",P0ABF6,C9H14N2O5,230.218,230.09,30,31,102.26,-1.96,-1.77,4,4,5,OC[C@H]1O[C@H]([C@@H]([C@@H]1O)O)N1C=CCNC1=O
138,1ctu,refined,Protein-Ligand,2.3,Ki=1.2pM,11.92,1995,cytidine deaminase,7718553,46391677,"Biochemistry v34 pp. 4516-23, 1995",P0ABF6,C9H14N2O6,246.217,246.085,31,32,122.49,-2.51,-2.45,5,5,6,OC[C@H]1O[C@H]([C@@H]([C@@H]1O)O)N1C=C[C@H](NC1=O)O
139,1d09,refined,Protein-Ligand,2.1,Ki=27nM,7.57,2000,aspartate carbamoyltransferase,10651286,46391689,"Proteins v37 pp. 729-42, 1999",P0A786 P0A7F3,C6H6NO8P,256.127,256.022,27,26,177.98,-0.96,-1.84,1,8,4,O=C(CP(O)(O)O)N[C@H](C(=O)O)CC(=O)O
140,1d2e,refined,Protein-Ligand,1.94,Kd=1uM,6,1999,elongation factor tu (ef-tu),10715211,46391691,"J.Mol.Biol. v297 pp. 421-36, 2000",P49410,C10H12N5O11P2,445.216,445.04,45,47,286.07,-5.72,-2.75,4,9,7,O[C@@H]1[C@@H](COP(OP(O)(O)O)(O)O)O[C@H]([C@@H]1O)n1cnc2c1nc(N)[nH]c2=O
141,1d3d,refined,Protein-Ligand,2.04,Kd=0.81nM,9.09,2000,thrombin alpha,10739244,46391692,"Protein Sci. v9 pp. 29-36, 2000",P01050 P00734,C32H37N2O2SBr,593.617,592.176,75,80,66.58,7.68,8,3,1,10,Oc1ccc2c(c1)sc(c2Cc1ccc(c(c1)Br)C[NH+]1CCCC1)c1ccc(cc1)OCC[NH+]1CCCC1
142,1d3p,refined,Protein-Ligand,2.1,Kd=41nM,7.39,2000,thrombin alpha,10739244,46391693,"Protein Sci. v9 pp. 29-36, 2000",P01050 P00734,C32H39N3O3S,545.735,545.271,78,83,88.7,6.43,6.51,3,2,12,Oc1ccc2c(c1)sc(c2Cc1ccc(cc1)OCC[NH+]1CCCC1)c1ccc(nc1)OCC[NH+]1CCCC1
143,1d4h,refined,Protein-Ligand,1.81,Ki=0.10nM,10,2002,hiv-1 protease,12694187,46391696,"Eur.J.Biochem. v270 pp. 1746-58, 2003",P03366,C36H38N2O7,610.696,610.268,83,87,137.35,3.43,3.75,5,5,19,O=C([C@@H]([C@@H]([C@H]([C@H](C(=O)NCc1ccccc1)OCc1ccccc1)O)O)OCc1ccccc1)N[C@@H]1[C@H](O)Cc2c1cccc2
144,1d4i,refined,Protein-Ligand,1.81,Ki=1.40nM,8.85,2002,hiv-1 protease,12694187,46391697,"Eur.J.Biochem. v270 pp. 1746-58, 2003",P03366,C38H40N2O7,636.733,636.284,87,92,137.35,3.86,4.24,5,5,18,O=C([C@@H](C[C@H]([C@H](C(=O)N[C@@H]1[C@H](O)Cc2c1cccc2)OCc1ccccc1)O)OCc1ccccc1)N[C@@H]1[C@H](O)Cc2c1cccc2
145,1d4j,refined,Protein-Ligand,1.81,Ki=4.40nM,8.36,2002,hiv-1 protease,12694187,46391698,"Eur.J.Biochem. v270 pp. 1746-58, 2003",P03366,C36H36N2O7FCl,663.132,662.22,83,87,137.35,4.16,4.54,5,5,19,O=C([C@@H]([C@@H]([C@H]([C@H](C(=O)NCc1c(F)cccc1Cl)OCc1ccccc1)O)O)OCc1ccccc1)N[C@@H]1[C@H](O)Cc2c1cccc2
146,1d4k,refined,Protein-Ligand,1.85,Ki=0.6nM,9.22,2000,HIV-1 protease,11000004,46391699,"J.Med.Chem. v43 pp. 3495-504, 2000",P03369,C41H55N4O6,699.899,699.412,106,110,153.6,4.94,3.8,6,5,14,CC[C@@H]([C@@H]1NC(=O)[C@@H]([NH2+]C[C@H](C[C@H](C(=O)N[C@@H]2[C@H](O)Cc3c2cccc3)Cc2ccccc2)O)Cc2ccc(cc2)OCCCCCNC1=O)C
147,1d4l,refined,Protein-Ligand,1.75,Ki=1.7nM,8.77,2000,HIV-1 protease,11000004,46391700,"J.Med.Chem. v43 pp. 3495-504, 2000",P03369,C32H48N4O6S,616.812,616.329,91,93,159.44,4.26,5.81,4,5,10,CC(CCN(S(=O)(=O)c1ccc(cc1)N)C[C@H]([C@@H]1Cc2ccc(cc2)OCCCCCC(=O)N[C@H](C(=O)N1)C(C)C)O)C
148,1d4p,refined,Protein-Ligand,2.07,Kd=0.5uM,6.3,1999,thrombin alpha,9232642,46391701,"Protein Sci. v6 pp. 1412-7, 1997",P01050 P00734,C22H25N4O,361.46,361.203,52,55,87.71,5.33,2.37,1,1,5,O=C(c1cc2c([nH]1)ccc(c2)C(=[NH2+])N)N1CCC(CC1)Cc1ccccc1
149,1d4y,refined,Protein-Ligand,1.97,Ki=0.008nM,11.1,1999,HIV-1 protease,8893827,46391702,"J.Med.Chem. v39 pp. 4349-53, 1996",P03367,C31H33N2O5SF3,602.664,602.206,75,78,113.97,6.97,8.48,2,5,12,CCC[C@@]1(CCc2ccccc2)CC(=C(C(=O)O1)[C@@H](c1cccc(c1)NS(=O)(=O)c1ccc(cn1)C(F)(F)F)CC)O
150,1d6v,refined,Protein-Ligand,2,Kd=670nM,6.17,2000,chimeric germline precursor of oxy-cope,10651626,46391707,"Biochemistry v39 pp. 627-32, 2000",P01834 P01857,C23H26NO4,381.465,381.194,55,57,86.63,4.71,4.08,2,4,8,OC(=O)CCCNC(=O)c1ccc(cc1)[C@H]1CC[C@@H](C[C@@H]1O)c1ccccc1
151,1d6w,refined,Protein-Ligand,2,Ki=1100nM,5.96,2000,thrombin alpha,10713516,46391708,"Acta Crystallogr., Sect.D v56 pp. 294-303, 2000",P28511 P00734,C24H29N7O5S,527.596,527.195,66,70,175.25,1.05,2.6,3,6,8,O=C([C@@H]1C=CCn2n1c(=O)n(c2=O)CCS(=O)(=O)c1ccccc1)N[C@@H]1CC[C@H](CC1)c1cnc([nH]1)N
152,1d7i,refined,Protein-Ligand,1.9,Kd=250uM,3.6,1999,FK506 binding protein,10656803,46391709,"J.Mol.Biol. v295 pp. 953-62, 2000",P62942,C3H8OS2,124.225,124.002,14,13,61.58,0.07,1.55,0,1,1,CSC[S@@](=O)C
153,1d7j,refined,Protein-Ligand,1.85,Kd=500uM,3.3,1999,FK506 binding protein,10656803,46391710,"J.Mol.Biol. v295 pp. 953-62, 2000",P62942,C4H8O2,88.105,88.052,14,13,37.3,-0.8,-0.04,1,2,3,CC(=O)CCO
154,1d9i,refined,Protein-Ligand,2.3,Ki=0.78nM,9.11,2000,thrombin alpha,10713516,46391715,"Acta Crystallogr., Sect.D v56 pp. 294-303, 2000",P28504 P00734,C22H30N5O5S,476.569,476.197,63,66,148.19,0.79,0.78,2,5,8,O=C([C@@H]1C=CCn2n1c(=O)n(c2=O)CCS(=O)(=O)c1ccccc1)NC[C@@H]1CC[C@H](CC1)[NH3+]
155,1dar,refined,Protein-Ligand,2.4,Kd=11uM,4.96,1996,elongation factor g,8736554,46391716,"Structure v4 pp. 555-65, 1996",Q5SHN5,C10H12N5O11P2,445.216,445.04,45,47,286.07,-5.72,-2.75,4,9,7,O[C@@H]1[C@@H](COP(OP(O)(O)O)(O)O)O[C@H]([C@@H]1O)n1cnc2c1nc(N)[nH]c2=O
156,1det,refined,Protein-Ligand,1.8,Kd=50uM,4.3,1996,ribonuclease T1,8679590,46391722,"Biochemistry v35 pp. 8329-34, 1996",P00651,C10H12N5O8P,364.229,364.066,39,41,222.79,-3.99,-2.43,4,7,5,OC[C@H]1O[C@H]([C@H]([C@@H]1O)OP(O)(O)O)n1cnc2c1nc(N)[nH]c2=O
157,1df8,refined,Protein-Ligand,1.51,Kd=0.20nM,9.7,2000,streptavidin,10850797,46391723,"Protein Sci. v9 pp. 878-85, 2000",P22629,C10H15N2O3S,244.311,244.088,32,33,103.73,1.78,1.45,2,3,4,OC(=O)CCCC[C@@H]1SC[C@H]2[C@@H]1NC(=O)N2
158,1dgm,refined,Protein-Ligand,1.8,Ki=8.9uM,5.05,2000,Toxoplasma gondii Adenosine Kinase,18563892,0,"(2008) J. Med. Chem., Vol.51, pp.3934-3945",Q9TVW2,C10H13N5O4,267.241,267.097,32,34,139.54,-1.9,-1.4,4,6,5,OC[C@H]1O[C@H]([C@@H]([C@@H]1O)O)n1cnc2c1ncnc2N
159,1dhi,refined,Protein-Ligand,1.9,Kd=55nM,7.26,1994,dihydrofolate reductase,8265622,46391726,"Proc.Natl.Acad.Sci.USA v90 pp. 11753-6, 1993",P0ABQ4,C20H20N8O5,454.439,454.171,55,57,210.54,1.87,1.82,3,9,8,OC(=O)CC[C@@H](C(=O)O)NC(=O)c1ccc(cc1)N(Cc1cnc2c(n1)c(N)nc(n2)N)C
160,1dhj,refined,Protein-Ligand,1.8,Kd=281nM,6.55,1994,dihydrofolate reductase,8265622,46391727,"Proc.Natl.Acad.Sci.USA v90 pp. 11753-6, 1993",P0ABQ4,C20H20N8O5,454.439,454.171,55,57,210.54,1.87,1.82,3,9,8,OC(=O)CC[C@@H](C(=O)O)NC(=O)c1ccc(cc1)N(Cc1cnc2c(n1)c(N)nc(n2)N)C
161,1dif,refined,Protein-Ligand,1.7,Ki=22pM,10.66,1996,HIV-1 protease,8551523,46391730,"J.Mol.Biol. v255 pp. 321-46, 1996",P03367,C44H56N8O6F2,830.962,830.429,116,119,189.12,4.55,5.84,6,8,27,CC([C@@H](C(=O)N[C@H](C(C([C@@H](NC(=O)[C@H](C(C)C)NC(=O)N(Cc1ccccn1)C)Cc1ccccc1)(O)O)(F)F)Cc1ccccc1)NC(=O)N(Cc1ccccn1)C)C
162,1dl7,refined,Protein-Ligand,2.35,Kd=0.32uM,6.49,2000,antibody m3c65 (light chain),10859335,46391733,"J.Exp.Med. v191 pp. 2101-12, 2000",P01724 P01820,C11H17N2O6P,306.252,306.098,39,39,118.33,0.6,1.88,0,4,6,OP(Oc1ccc(cc1)N(=O)=O)(OCC[N+](C)(C)C)O
163,1dmp,refined,Protein-Ligand,2,Ki=0.28nM,9.55,1997,HIV-1 protease,8807858,46391736,"Chem.Biol. v3 pp. 301-14, 1996",P04585,C33H36N4O3,536.664,536.279,76,80,116.05,3.94,5.27,4,3,10,Nc1cccc(c1)CN1[C@H](Cc2ccccc2)[C@H](O)[C@H]([C@H](N(C1=O)Cc1cccc(c1)N)Cc1ccccc1)O
164,1dqn,refined,Protein-Ligand,1.75,Ki=10nM,8,2000,guanine phosphoribosyltransferase,10841757,46391738,"Biochemistry v39 pp. 6781-90, 2000",Q24973,C11H15N5O7P,363.264,363.094,42,44,228.14,-6.97,-1.64,6,6,5,O[C@H]1[C@@H]([NH2+][C@@H]([C@H]1O)COP(O)(O)O)c1c[nH]c2c1nc(N)[nH]c2=O
165,1drj,refined,Protein-Ligand,2.5,Kd=0.040uM,7.4,1995,rous sarcoma virus protease,7982928,46391740,"J.Biol.Chem. v269 pp. 30206-11, 1994",P02925,C5H10O5,150.13,150.053,20,20,90.15,-2.52,-2.58,4,4,4,O[C@@H]1CO[C@H]([C@@H]([C@@H]1O)O)O
166,1drk,refined,Protein-Ligand,2,Kd=0.15uM,6.82,1995,rous sarcoma virus protease,7982928,46391741,"J.Biol.Chem. v269 pp. 30206-11, 1994",P02925,C5H10O5,150.13,150.053,20,20,90.15,-2.52,-2.58,4,4,4,O[C@@H]1CO[C@H]([C@@H]([C@@H]1O)O)O
167,1drv,refined,Protein-Ligand,2.2,Kd=0.29uM,6.54,1997,DIHYDRODIPICOLINATE REDUCTASE,8873595,53812528,"Biochemistry. 1996, 35, 13294-13302.",P04036,C22H28N6O14P2,666.469,666.145,76,80,325.1,-5.13,-1.94,5,12,15,O[C@@H]1[C@H](O)[C@H](O[C@H]1N1C=CCC(=C1)C(=O)C)COP(OP(OC[C@H]1O[C@H]([C@@H]([C@@H]1O)O)n1cnc2c1ncnc2N)(O)O)(O)O
168,1dud,refined,Protein-Ligand,2.3,Ki=15uM,4.82,1996,deoxyuridine 5'-triphosphate nucleotidohydrolase,8646539,46391746,"Nat.Struct.Biol. v3 pp. 532-8, 1996",P06968,C9H11N2O11P2,390.178,390.023,40,41,231.11,-4.31,-2.47,2,8,6,O[C@H]1C[C@@H](O[C@@H]1COP(OP(O)(O)O)(O)O)n1ccc(=O)[nH]c1=O
169,1duv,refined,Protein-Ligand,1.7,Kd=1.6pM,11.8,2000,ornithine transcarbamoylase,10747936,46391747,"J.Biol.Chem. v275 pp. 20012-9, 2000",P04391,C5H14N4O6PS,293.258,293.068,35,34,227.89,-4.67,0.33,4,6,6,OC(=O)[C@H](CCCN[P@@](=O)(NS(O)(O)O)N)[NH3+]
170,1dy4,refined,Protein-Ligand,1.9,Ki=44uM,4.36,2000,cellobiohydrolase i,11114249,46391751,"J.Mol.Biol. v305 pp. 79-93, 2001",P62694,C16H20NO2,258.335,258.149,39,41,46.07,2.65,1.31,2,1,7,O[C@H](COc1cccc2c1cccc2)C[NH2+]C1CC1
171,1dzk,refined,Protein-Ligand,1.48,Kd=0.8uM,6.1,2000,odorant-binding protein,10864504,46391753,"J.Mol.Biol. v300 pp. 127-39, 2000",P81245,C9H14N2O,166.22,166.111,26,26,35.01,1.71,1.68,0,2,3,COc1nccnc1CC(C)C
172,1e1v,refined,Protein-Ligand,1.95,Ki=12uM,4.92,2001,cyclin dependent kinase 2,10956187,46391760,"J.Med.Chem. v43 pp. 2797-804, 2000",P24941,C12H17N5O,247.296,247.143,35,37,89.71,2.43,2.48,2,3,3,Nc1nc(OCC2CCCCC2)c2c(n1)[nH]cn2
173,1e1x,refined,Protein-Ligand,1.85,Ki=1.3uM,5.89,2001,cyclin dependent kinase 2,10956187,46391761,"J.Med.Chem. v43 pp. 2797-804, 2000",P24941,C11H17N5O2,251.285,251.138,35,36,116.48,2.11,3.16,2,3,3,O=Nc1c(OCC2CCCCC2)nc(nc1N)N
174,1e2k,refined,Protein-Ligand,1.7,Ki=11.4uM,4.94,2000,thymidine kinase,10924157,46391763,"Biochemistry v39 pp. 9597-603, 2000",P0DTH5,C12H16N2O4,252.266,252.111,34,36,95.32,-0.47,-0.85,3,4,4,Cc1cn([C@H]2C[C@@H]([C@]3([C@@H]2C3)CO)O)c(=O)[nH]c1=O
175,1e2l,refined,Protein-Ligand,2.4,Ki=51.5uM,4.29,2000,thymidine kinase,10924157,46391764,"Biochemistry v39 pp. 9597-603, 2000",P0DTH5,C12H16N2O4,252.266,252.111,34,36,95.32,-0.47,-0.85,3,4,4,Cc1cn([C@H]2C[C@@H]([C@]3([C@@H]2C3)CO)O)c(=O)[nH]c1=O
176,1e3g,refined,Protein-Ligand,2.4,Kd=0.99nM,9,2001,Ligand-binding Domain (LBD) of human Androgen Receptor,15771445,0,"(2005) J. Med. Chem., Vol.48, pp.2026-2035",P10275,C19H24O2,284.393,284.178,45,48,37.3,2.08,3.72,1,2,1,O=C1CCC2=C3C=C[C@]4([C@H]([C@@H]3CCC2=C1)CC[C@]4(C)O)C
177,1e3v,refined,Protein-Ligand,2,Kd=45.74uM,4.34,2001,steroid delta-isomerase,11007792,46391767,"J.Biol.Chem. v275 pp. 41100-6, 2000",P07445,C24H39O4,392.572,392.293,68,71,77.76,6.36,4.48,2,4,5,O[C@@H]1CC[C@]2([C@@H](C1)CC[C@@H]1[C@@H]2C[C@H](O)[C@]2([C@H]1CC[C@@H]2[C@@H](CCC(=O)O)C)C)C
178,1e4h,refined,Protein-Ligand,1.8,Kd=3.9nM,8.41,2000,transthyretin,10957627,46391768,"Acta Crystallogr., Sect.D v56 pp. 1085-95, 2000",P02766,C6HOBr5,488.592,483.594,13,13,20.23,5.02,5.2,1,1,1,Brc1c(O)c(Br)c(c(c1Br)Br)Br
179,1e5j,refined,Protein-Ligand,1.85,Ki=100uM,4,2001,endoglucanase,,46391771,Chembiochemv2;pp.319,O85465,C25H44O19S2,712.735,712.192,90,93,368.97,-6.89,-7.66,13,13,24,OC[C@H]1O[C@@H](O[C@@H]2[C@@H](CO)O[C@H]([C@@H]([C@H]2O)O)OC)[C@@H]([C@H]([C@@H]1S[C@H]1O[C@H](CO)[C@H]([C@@H]([C@H]1O)O)S[C@@H]1O[C@H](CO)[C@H]([C@@H]([C@H]1O)O)O)O)O
180,1.00E+66,refined,Protein-Ligand,2.1,Ki=0.13nM,9.89,2001,acetylcholinesterase,11863435,46391772,"Biochemistry v41 pp. 2970-81, 2002",P04058,C18H19N2Cl,298.81,298.124,40,43,38.91,4.09,5.44,1,1,1,CCC1=C[C@H]2C[C@@H](C1)c1c(C2)nc2c(c1N)ccc(c2)Cl
181,1e6q,refined,Protein-Ligand,1.35,Ki=0.7mM,3.15,2001,myrosinase,10978344,46391773,"J.Biol.Chem. v275 pp. 39385-93, 2000",P29736,C6H11N4O4,203.176,203.078,25,26,127.42,-2.26,-2.81,5,6,5,OC[C@@H]1[C@@H](O)[C@H](O)[C@H](c2n1[nH]nn2)O
182,1e6s,refined,Protein-Ligand,1.35,Ki=0.6mM,3.22,2000,myrosinase,10978344,46391774,"J.Biol.Chem. v275 pp. 39385-93, 2000",P29736,C6H12N2O5,192.17,192.075,25,25,125.54,-1.8,-2.85,6,5,6,OC[C@H]1N/C(=N/O)/[C@@H]([C@H]([C@@H]1O)O)O
183,1eb2,refined,Protein-Ligand,2,Ki=980nM,6.01,2002,trypsin,,46391782,J.Med.Chem.v45;pp.1221,P00760,C28H29N4O3,469.555,469.224,64,67,118.09,5.05,2.77,1,3,9,O=C([C@@H](c1ccccc1)NC(=O)c1cccc(c1)C(=[NH2+])N)N1CC[C@H](CC1)C(=O)c1ccccc1
184,1ebw,refined,Protein-Ligand,1.81,Ki=0.90nM,9.05,2002,hiv-1 protease,12694187,46391784,"Eur.J.Biochem. v270 pp. 1746-58, 2003",P03366,C34H52N4O8,644.799,644.379,98,99,175.32,2.38,3.07,6,6,25,CC[C@@H]([C@@H](C(=O)NC)NC(=O)[C@@H]([C@@H]([C@H]([C@H](C(=O)N[C@H](C(=O)NC)[C@H](CC)C)OCc1ccccc1)O)O)OCC1=CCC=CC1)C
185,1eby,refined,Protein-Ligand,2.29,Ki=0.20nM,9.7,2002,hiv-1 protease,12694187,46391785,"Eur.J.Biochem. v270 pp. 1746-58, 2003",P03366,C38H40N2O8,652.733,652.278,88,93,157.58,3.44,3.21,6,6,19,O=C([C@@H]([C@@H]([C@H]([C@H](C(=O)N[C@@H]1[C@H](O)Cc2c1cccc2)OCc1ccccc1)O)O)OCc1ccccc1)N[C@@H]1[C@H](O)Cc2c1cccc2
186,1ebz,refined,Protein-Ligand,2.01,Ki=0.40nM,9.4,2002,hiv-1 protease,12694187,46391786,"Eur.J.Biochem. v270 pp. 1746-58, 2003",P03366,C35H43N3O8,633.731,633.305,89,92,166.45,2.65,2.71,6,6,21,CNC(=O)[C@H](C(C)C)NC(=O)[C@@H]([C@@H]([C@H]([C@H](C(=O)N[C@@H]1[C@H](O)Cc2c1cccc2)OCc1ccccc1)O)O)OCc1ccccc1
187,1ec0,refined,Protein-Ligand,1.79,Ki=3.2nM,8.49,2002,hiv-1 protease,15560801,46391787,"Eur.J.Biochem. v271 pp. 4594-602, 2004",P03366,C38H38N2O8F2,688.714,688.26,88,93,157.58,3.64,3.49,6,6,19,O=C([C@@H]([C@@H]([C@H]([C@H](C(=O)N[C@@H]1[C@H](O)Cc2c1cccc2)OCc1ccccc1F)O)O)OCc1ccccc1F)N[C@@H]1[C@H](O)Cc2c1cccc2
188,1ec1,refined,Protein-Ligand,2.1,Ki=1.20nM,8.92,2002,hiv-1 protease,12694187,46391788,"Eur.J.Biochem. v270 pp. 1746-58, 2003",P03366,C40H50N4O8S2,778.977,778.307,104,107,231.8,4.48,5.67,6,6,25,CNC(=O)[C@H](C(C)C)NC(=O)[C@@H]([C@@H]([C@H]([C@H](C(=O)N[C@H](C(=O)NC)C(C)C)OCc1ccc(cc1)c1cscc1)O)O)OCc1ccc(cc1)c1cscc1
189,1ec2,refined,Protein-Ligand,2,Ki=0.10nM,10,2002,hiv-1 protease,12694187,46391789,"Eur.J.Biochem. v270 pp. 1746-58, 2003",P03366,C42H52N6O8,768.898,768.385,108,111,201.1,2.98,4.34,6,8,25,CNC(=O)[C@H](C(C)C)NC(=O)[C@@H]([C@@H]([C@H]([C@H](C(=O)N[C@H](C(=O)NC)C(C)C)OCc1ccc(cc1)c1cccnc1)O)O)OCc1ccc(cc1)c1cccnc1
190,1ec3,refined,Protein-Ligand,1.8,Ki=0.92nM,9.04,2002,hiv-1 protease,12694187,46391790,"Eur.J.Biochem. v270 pp. 1746-58, 2003",P03366,C42H52N6O8,768.898,768.385,108,111,201.1,2.78,4.15,6,8,27,O=C([C@@H]([C@@H]([C@H]([C@H](C(=O)N[C@H](C(=O)NCc1ccccn1)C(C)C)OCc1ccccc1)O)O)OCc1ccccc1)N[C@H](C(=O)NCc1ccccn1)C(C)C
191,1ec9,refined,Protein-Ligand,2,Ki=0.8mM,3.1,2000,glucarate dehydratase,10769114,46391791,"Biochemistry v39 pp. 4590-602, 2000",P0AES2,C5H8NO7,195.127,195.038,22,21,147.32,-2.36,-2.95,5,7,8,ONC(=O)[C@H]([C@@H]([C@H](C(=O)O)O)O)O
192,1ecq,refined,Protein-Ligand,2,Ki=1.0mM,3,2000,glucarate dehydratase,10769114,46391792,"Biochemistry v39 pp. 4590-602, 2000",P0AES2,C6H8O7,194.139,194.043,23,22,135.29,-0.38,-2.37,3,7,6,OC(=O)[C@H](C[C@@H]([C@H](C(=O)O)O)O)O
193,1ecv,refined,Protein-Ligand,1.95,Ki=14uM,4.85,2000,tyrosine phosphatase 1b,10702277,46391793,"J.Biol.Chem. v275 pp. 7101-8, 2000",P18031,C9H4NO5I,335.052,334.929,22,22,103.7,3.52,1.09,1,5,2,Ic1ccc(c(c1)C(=O)O)NC(=O)C(=O)O
194,1efy,refined,Protein-Ligand,2.2,Ki=6nM,8.22,2001,adp-ribose polymerase,11063605,46391799,"J.Med.Chem. v43 pp. 4084-97, 2000",P26446,C15H13N3O2,267.283,267.101,33,35,81,2,3.04,2,2,3,COc1cccc(c1)c1nc2c([nH]1)cccc2C(=O)N
195,1egh,refined,Protein-Ligand,2,Ki=2uM,5.7,2000,methylglyoxal synthase,10715115,46391800,"Biochemistry v39 pp. 2950-60, 2000",P0A731,C2H2O6P,157.039,156.99,15,14,120.81,-1.24,-1.26,0,5,1,OC(=O)COP(O)(O)O
196,1ejn,refined,Protein-Ligand,1.8,Ki=2.4uM,5.62,2000,urokinase-type plasminogen activator,10805774,46391803,"Proc.Natl.Acad.Sci.USA v97 pp. 5113-8, 2000",P00749,C19H28N5O,342.459,342.229,53,56,107.14,4.12,2.62,2,1,6,O=C(N[C@]12C[C@H]3C[C@@H](C2)C[C@@H](C1)C3)NCc1ccc(cc1)[NH+]=C(N)N
197,1ela,refined,Protein-Ligand,1.8,Ki=0.44uM,6.36,1994,elastase,7656008,46391807,"Nat.Struct.Biol. v1 pp. 55-8, 1994",P00772,C22H32N4O3F3,457.51,457.243,64,65,106.15,2.9,2.6,3,3,12,[NH3+]CCCC[C@@H](C(=O)N1CCC[C@H]1C(=O)Nc1ccc(cc1)C(C)C)NC(=O)C(F)(F)F
198,1elb,refined,Protein-Ligand,2.1,Ki=70nM,7.15,1994,elastase,7656008,46391808,"Nat.Struct.Biol. v1 pp. 55-8, 1994",P00772,C23H36N4O3F3,473.552,473.274,69,69,114.94,3.92,3.59,4,3,15,[NH3+]CCCC[C@@H](C(=O)N[C@H](C(=O)Nc1ccc(cc1)C(C)C)CC(C)C)NC(=O)C(F)(F)F
199,1elc,refined,Protein-Ligand,1.75,Ki=0.22uM,6.66,1994,elastase,7656008,46391809,"Nat.Struct.Biol. v1 pp. 55-8, 1994",P00772,C26H34N4O3F3,507.568,507.258,70,71,114.94,4.19,3.79,4,3,15,[NH3+]CCCC[C@@H](C(=O)N[C@H](C(=O)Nc1ccc(cc1)C(C)C)Cc1ccccc1)NC(=O)C(F)(F)F
200,1eld,refined,Protein-Ligand,1.8,Ki=0.20uM,6.7,1995,elastase,7880814,46391810,"Biochemistry v34 pp. 3193-203, 1995",P00772,C21H19N3O3F6,475.384,475.133,52,53,87.3,4.18,4.29,3,3,10,C[C@@H](C(=O)Nc1ccc(cc1)C(F)(F)F)NC(=O)[C@H](Cc1ccccc1)NC(=O)C(F)(F)F
